date,rankic
2015.06.02,-0.061358409289972
2015.06.03,-0.059296681331883
2015.06.04,-0.191666910045948
2015.06.05,-0.206871522503786
2015.06.08,-0.042921419890662
2015.06.09,0.03354109641324
2015.06.10,-0.076649393624322
2015.06.11,0.002556695787332
2015.06.12,-0.073910526762443
2015.06.15,-0.084181287035901
2015.06.16,-0.014072304951502
2015.06.17,-0.055747194684664
2015.06.19,-0.087551504580639
2015.06.23,-0.071365978024624
2015.06.24,-0.034503819857754
2015.06.25,0.03117342339699
2015.06.26,-0.073245253092749
2015.06.29,-0.013113561686861
2015.06.30,0.00333325347236
2015.07.01,-0.09304595942743
2015.07.02,-0.074925483131292
2015.07.03,-0.099521592539596
2015.07.06,0.066278369200512
2015.07.07,-0.108071554645088
2015.07.09,0.074550259905327
2015.07.10,-0.073096256724268
2015.07.13,-0.131453945019322
2015.07.14,-0.040685317867032
2015.07.15,-0.162623163961187
2015.07.16,-0.042710472582832
2015.07.17,-0.034216611741834
2015.07.20,0.065302589158753
2015.07.21,-0.0319572501547
2015.07.22,-0.018590028225529
2015.07.23,0.044200432200032
2015.07.24,-0.02719088941238
2015.07.27,-0.105305816412892
2015.07.28,-0.061614398245002
2015.07.30,-0.098413540621312
2015.07.31,-0.028689636768702
2015.08.03,0.028653809687958
2015.08.04,-0.002116996318162
2015.08.05,-0.05359081024307
2015.08.06,-0.011468691601828
2015.08.07,0.022702553200119
2015.08.10,-0.0331987964235
2015.08.11,-0.064951587127294
2015.08.12,0.078993102107341
2015.08.13,-0.017063527701539
2015.08.14,-0.000250528757578
2015.08.17,0.053159894556318
2015.08.18,0.010200094877434
2015.08.19,-0.026760354805094
2015.08.20,-0.08683996867444
2015.08.21,0.039713328977907
2015.08.24,0.01047440873746
2015.08.25,-0.089714465171247
2015.08.26,-0.058120298158926
2015.08.27,0.188861410184449
2015.08.31,-0.070148033723956
2015.09.01,-0.214985245232936
2015.09.02,-0.04414748951845
2015.09.07,-0.006992262845275
2015.09.08,0.087815447481291
2015.09.09,-0.091988021522532
2015.09.10,0.095489104676974
2015.09.11,-0.052074804700207
2015.09.14,-0.202943695194941
2015.09.15,0.053121542041916
2015.09.16,-0.135626332455431
2015.09.17,-0.091203694256011
2015.09.18,-0.037500107816625
2015.09.21,-0.039215740750805
2015.09.22,-0.060773517700053
2015.09.23,-0.03254495721722
2015.09.24,-0.140226487617983
2015.09.25,-0.004181876354046
2015.09.28,-0.077404161106461
2015.09.29,-0.168013078335825
2015.09.30,0.008005372850765
2015.10.08,-0.120656697975302
2015.10.09,-0.007446985505685
2015.10.12,0.048067311836967
2015.10.13,-0.075412588322546
2015.10.14,-0.050619183553605
2015.10.15,0.056634014674989
2015.10.16,-0.04844223861961
2015.10.19,-0.046408982876945
2015.10.20,-0.079479179626124
2015.10.21,0.034617491772415
2015.10.22,-0.079225041852253
2015.10.23,-0.092231740410814
2015.10.26,-0.088257925883533
2015.10.27,-0.175645316329812
2015.10.28,-0.1460250520662
2015.10.29,-0.04261218833624
2015.10.30,-0.175186060668267
2015.11.02,-0.119579953688237
2015.11.03,0.150870102193914
2015.11.04,-0.132985410988639
2015.11.05,-0.026876954672856
2015.11.06,0.078783655490628
2015.11.09,0.020582260889232
2015.11.10,-0.014717225725992
2015.11.11,-0.031975373294001
2015.11.12,-0.10594806233695
2015.11.13,0.049507993745573
2015.11.16,-0.169866479871881
2015.11.17,-0.174435012128145
2015.11.18,0.197883879581429
2015.11.19,0.050812388323105
2015.11.20,-0.22145514841202
2015.11.23,0.053554364310711
2015.11.24,0.104683784660825
2015.11.25,-0.080975996190312
2015.11.26,-0.110539109982602
2015.11.27,0.048082924496121
2015.11.30,-0.284699884494093
2015.12.01,-0.147295122003285
2015.12.02,0.155409909814841
2015.12.03,-0.049178414193793
2015.12.04,0.086180223423021
2015.12.07,0.00851629005108
2015.12.08,0.022180523189751
2015.12.09,-0.011795224908522
2015.12.10,-0.165266612103106
2015.12.11,-0.071526786831752
2015.12.14,0.0853906896372
2015.12.15,-0.095095560903432
2015.12.16,-0.020647796151786
2015.12.17,-0.132392166340623
2015.12.18,-0.212689714069593
2015.12.21,-0.013695256867272
2015.12.22,-0.147858300773941
2015.12.23,0.013624251611441
2015.12.24,-0.171192769430289
2015.12.25,-0.061108532029846
2015.12.28,-0.075067686003244
2015.12.29,0.024782246829626
2015.12.30,-0.131361748433208
2015.12.31,-0.18282711297619
2016.01.04,-0.1956077006972
2016.01.05,0.031380425273379
2016.01.06,-0.123612438505074
2016.01.07,-0.167529963209349
2016.01.08,-0.059351517163496
2016.01.11,-0.056393887300967
2016.01.12,-0.12863615993323
2016.01.13,0.07437180026697
2016.01.14,-0.027915866358356
2016.01.15,0.101306073816836
2016.01.18,0.049599259023071
2016.01.19,-0.002645482237498
2016.01.20,-0.168310562104262
2016.01.21,0.058498495368225
2016.01.22,-0.03638016394241
2016.01.25,-0.090135794323902
2016.01.26,0.004564944244864
2016.01.27,-0.173283054019249
2016.01.28,0.023905293195857
2016.01.29,-0.089488200913985
2016.02.01,0.070597178910448
2016.02.02,0.002099625755823
2016.02.03,-0.040363548505519
2016.02.04,-0.057576813339837
2016.02.05,0.039060778978777
2016.02.15,0.101005017512413
2016.02.16,0.016436990038259
2016.02.17,-0.03206382486727
2016.02.18,-0.010377167535023
2016.02.19,-0.086174485143057
2016.02.22,-0.07880030191258
2016.02.23,-0.064498305309978
2016.02.24,-0.032905761122848
2016.02.25,-0.155132660879276
2016.02.26,-0.111662100318199
2016.02.29,-0.043375019295124
2016.03.01,0.036685884288753
2016.03.02,-0.069918323153639
2016.03.03,-0.198825741454022
2016.03.04,0.054458849618967
2016.03.07,-0.016640548170519
2016.03.08,-0.040348925316652
2016.03.09,-0.048105380455909
2016.03.10,-0.182230065197043
2016.03.11,0.132395294392307
2016.03.14,-0.121225099484861
2016.03.15,-0.100263484229273
2016.03.16,0.159757534686066
2016.03.17,0.11045298685018
2016.03.18,0.106684832423306
2016.03.21,-0.061645927411396
2016.03.22,0.050741834600459
2016.03.23,-0.090293157084827
2016.03.24,-0.079279082791516
2016.03.25,-0.072069365234352
2016.03.28,-0.088048106261734
2016.03.29,0.153407079373274
2016.03.30,-0.120098696235217
2016.03.31,-0.170595625700472
2016.04.01,0.118292573180023
2016.04.05,-0.033785322350278
2016.04.06,-0.093691659550026
2016.04.07,-0.097011568530801
2016.04.08,-0.121567088429693
2016.04.11,-0.182651934345597
2016.04.12,-0.064323609469183
2016.04.13,-0.029552287690134
2016.04.14,-0.065952769589331
2016.04.15,-0.009297979867792
2016.04.18,-0.068391623252116
2016.04.19,-0.168954222010791
2016.04.20,-0.137217719349299
2016.04.21,0.031269771083687
2016.04.22,-0.175313508719137
2016.04.25,0.008212174874525
2016.04.26,-0.142183304959898
2016.04.27,-0.014987762413348
2016.04.28,-0.092698077621848
2016.04.29,0.084395688565118
2016.05.03,-0.132206817938081
2016.05.04,0.058670659740387
2016.05.05,-0.1391880056462
2016.05.06,-0.136098877339125
2016.05.09,-0.114117694827775
2016.05.10,-0.149610809857245
2016.05.11,0.104030492665478
2016.05.12,-0.113338476827481
2016.05.13,0.103132516713623
2016.05.16,-0.011306755824547
2016.05.17,-0.120898961363253
2016.05.18,0.10259529527875
2016.05.19,-0.033557265622853
2016.05.20,0.081855585959038
2016.05.23,-0.142003624077512
2016.05.24,-0.114651360180806
2016.05.25,0.029785465062242
2016.05.26,-0.128988393145405
2016.05.27,-0.149860329504449
2016.05.30,0.179898978679725
2016.05.31,0.122924281539791
2016.06.01,0.08363517745571
2016.06.02,-0.201594285594447
2016.06.03,0.0776337324209
2016.06.06,-0.055624568351022
2016.06.07,-0.072755597868047
2016.06.08,-0.210628188263814
2016.06.13,-0.051434950257431
2016.06.14,0.24996528529043
2016.06.15,0.018430534435845
2016.06.16,-0.128605462422812
2016.06.17,0.027068306965869
2016.06.20,-0.181175498630636
2016.06.21,0.03655880257792
2016.06.22,-0.092995372582709
2016.06.23,0.021286935568255
2016.06.24,0.03583923185073
2016.06.27,-0.173330484144771
2016.06.28,-0.059139115125738
2016.06.29,-0.150818572632974
2016.06.30,-0.191436229097987
2016.07.01,-0.092009558415275
2016.07.04,-0.050052360521389
2016.07.05,-0.190488954100918
2016.07.06,-0.049499626418714
2016.07.07,-0.125787267345066
2016.07.08,-0.085075918193182
2016.07.11,-0.203450114149502
2016.07.12,-0.006651391199902
2016.07.13,-0.00912790030929
2016.07.14,-0.135461725188805
2016.07.15,-0.03607624388574
2016.07.18,0.041293894033228
2016.07.19,-0.103491109134749
2016.07.20,-0.124512423562224
2016.07.21,0.010602695588318
2016.07.22,-0.140428618274626
2016.07.25,-0.043006212352034
2016.07.26,-0.193703988070557
2016.07.27,-0.087583010589931
2016.07.28,-0.115310329781576
2016.07.29,-0.033494647364154
2016.08.01,-0.026982557742439
2016.08.02,-0.117809268238247
2016.08.03,0.051924368934818
2016.08.04,-0.099260213485659
2016.08.05,-0.117560837308137
2016.08.08,0.042214112693794
2016.08.09,0.04524178710937
2016.08.10,-0.113117505242236
2016.08.11,-0.087702057564684
2016.08.12,-0.053467147435125
2016.08.15,0.021683273145155
2016.08.16,-0.116991899022236
2016.08.17,-0.052781503856365
2016.08.18,-0.083177145260951
2016.08.19,-0.116967193307814
2016.08.22,-0.101036631289742
2016.08.23,-0.047210201967859
2016.08.24,-0.10926115027937
2016.08.25,-0.156978166559736
2016.08.26,-0.142816467357545
2016.08.29,-0.000260005776963
2016.08.30,-0.011395992266795
2016.08.31,-0.060079496920076
2016.09.01,-0.107541511253639
2016.09.02,-0.001235329627177
2016.09.05,-0.041158120140497
2016.09.06,-0.100909845981038
2016.09.07,-0.04143088638621
2016.09.08,-0.122721188686092
2016.09.09,-0.10428990826591
2016.09.12,0.028149575907384
2016.09.13,-0.062797612151626
2016.09.14,-0.07208281374559
2016.09.19,-0.008659617049332
2016.09.20,-0.054499108049638
2016.09.21,-0.039152262281849
2016.09.22,-0.087109095687333
2016.09.23,-0.097856541209133
2016.09.26,-0.079330875343303
2016.09.27,-0.135607058209173
2016.09.28,-0.092062080700799
2016.09.29,-0.091501840328067
2016.09.30,0.021269973350552
2016.10.10,0.049563498838703
2016.10.11,-0.077664625954186
2016.10.12,-0.023405633294557
2016.10.13,-0.055969104099246
2016.10.14,-0.082111026273137
2016.10.17,-0.061505191004311
2016.10.18,-0.035152971969648
2016.10.19,-0.023509174479663
2016.10.20,-0.159555442914799
2016.10.21,-0.066358495837077
2016.10.24,-0.049468372930281
2016.10.25,-0.119913833135561
2016.10.26,0.046068160608538
2016.10.27,-0.007109658124182
2016.10.28,-0.073412756473562
2016.10.31,-0.006338288477064
2016.11.01,-0.060901473907704
2016.11.02,0.005725226653757
2016.11.03,-0.056929013405252
2016.11.04,-0.15404195108805
2016.11.07,-0.075194102940783
2016.11.08,-0.055091085453959
2016.11.09,-0.115390813598928
2016.11.10,-0.04750246225128
2016.11.11,-0.07302884070604
2016.11.14,0.004289602833489
2016.11.15,-0.128140084861991
2016.11.16,-0.163771931759303
2016.11.17,-0.00268087007242
2016.11.18,0.001461042280911
2016.11.21,0.010748940815811
2016.11.22,-0.158169202225985
2016.11.23,-0.082781293273844
2016.11.24,-0.174221237046695
2016.11.25,-0.077937866213325
2016.11.28,-0.059432263406992
2016.11.29,0.038632031566216
2016.11.30,-0.147460211712249
2016.12.01,-0.133578963743934
2016.12.02,-0.012487918922476
2016.12.05,-0.006089847353227
2016.12.06,0.058001843593647
2016.12.07,-0.049109638670232
2016.12.09,-0.051338157277504
2016.12.12,-0.000296839080329
2016.12.13,-0.055855233118584
2016.12.14,0.091582562955373
2016.12.15,-0.04888056692583
2016.12.16,-0.107258648807079
2016.12.19,-0.120816335101057
2016.12.20,-0.112224950218478
2016.12.21,-0.045477221422247
2016.12.22,-0.057009564704325
2016.12.23,-0.090033212199691
2016.12.26,-0.00272883087841
2016.12.27,-0.054334506144616
2016.12.28,-0.130134859353445
2016.12.29,-0.064655982577915
2016.12.30,-0.074208310467405
2017.01.03,0.019493356367164
2017.01.04,-0.059299151723674
2017.01.05,-0.010402775561872
2017.01.06,-0.065576321867456
2017.01.09,-0.078417873480778
2017.01.10,-0.025680035328617
2017.01.11,0.006617088099997
2017.01.12,-0.038714762616295
2017.01.13,0.022695198894704
2017.01.16,0.053201489724873
2017.01.17,0.071308014997211
2017.01.18,-0.032935262113887
2017.01.19,-0.119267049834542
2017.01.20,-0.076245523193555
2017.01.23,-0.016339755752478
2017.01.24,-0.077696609279502
2017.01.25,-0.118724267155209
2017.01.26,0.010870171922534
2017.02.03,-0.043364506358548
2017.02.06,0.067245431223227
2017.02.07,-0.049180726729726
2017.02.08,-0.075617605760397
2017.02.09,-0.045944094497918
2017.02.10,-0.004381310426685
2017.02.13,-0.022354377469341
2017.02.14,-0.117169489114299
2017.02.15,0.076694630114973
2017.02.16,-0.088891939007047
2017.02.17,0.009576228596969
2017.02.20,-0.068318593443028
2017.02.21,-0.083554881485927
2017.02.22,-0.17865348098809
2017.02.23,-0.088084449991947
2017.02.24,-0.106004610199581
2017.02.27,-0.007708102947669
2017.02.28,-0.032960316103522
2017.03.01,-0.159957371269489
2017.03.02,-0.135697972727039
2017.03.03,-0.027879094165316
2017.03.06,-0.109995179015007
2017.03.07,0.010699172902808
2017.03.08,-0.020324231248926
2017.03.09,-0.008451614192121
2017.03.10,-0.000932182727043
2017.03.13,-0.074670972470548
2017.03.14,-0.079146389262511
2017.03.15,-0.007798062910646
2017.03.16,-0.056591645696978
2017.03.17,-0.075740555091879
2017.03.20,-0.043986988122432
2017.03.21,0.046981689368901
2017.03.22,0.022035298022692
2017.03.23,-0.067463011245221
2017.03.24,0.037978622691489
2017.03.27,-0.112897399707997
2017.03.28,-0.037763076011493
2017.03.29,-0.069424958576598
2017.03.30,0.021805908832795
2017.03.31,-0.036953018981019
2017.04.05,-0.014151290595853
2017.04.06,-0.173830476129838
2017.04.07,-0.105612713070769
2017.04.10,-0.025695153439975
2017.04.11,-0.164505360311635
2017.04.12,-0.020667934747417
2017.04.13,-0.055513103873305
2017.04.14,-0.040366949619775
2017.04.17,0.025747354980102
2017.04.18,0.049616620709602
2017.04.19,-0.063441126003502
2017.04.20,-0.197859879334293
2017.04.21,-0.074073472297448
2017.04.24,0.07318367872162
2017.04.25,0.056112325184914
2017.04.26,-0.085678674068561
2017.04.27,-0.071509300700921
2017.04.28,0.053031039192294
2017.05.02,-0.023906373493702
2017.05.03,0.044500901384399
2017.05.04,-0.069579824625499
2017.05.05,-0.04896738960288
2017.05.08,0.036706920341139
2017.05.09,-0.040970294697427
2017.05.10,0.125660542023348
2017.05.11,0.036359953323118
2017.05.12,-0.074606267202801
2017.05.15,0.003325899025801
2017.05.16,-0.079222489055549
2017.05.17,-0.104494005869313
2017.05.18,-0.051830283044836
2017.05.19,-0.031443520245985
2017.05.22,-0.069569544924086
2017.05.23,0.000377012915436
2017.05.24,-0.039840740652969
2017.05.25,-0.106902777724577
2017.05.26,-0.065112005639981
2017.05.31,-0.099643850944834
2017.06.01,-0.014836995210978
2017.06.02,-0.052728515361449
2017.06.05,-0.087299465940075
2017.06.06,0.053072313793682
2017.06.07,0.00655681040987
2017.06.08,-0.060945560037996
2017.06.09,-0.019460624531729
2017.06.12,-0.097831677405994
2017.06.13,-0.010112485549697
2017.06.14,-0.054501284867769
2017.06.15,-0.011513593556336
2017.06.16,-0.12579328038724
2017.06.19,0.001920869256216
2017.06.20,-0.072798802111062
2017.06.21,-0.116565018664377
2017.06.22,0.03057744115143
2017.06.23,-0.106107480783019
2017.06.26,-0.093731911673352
2017.06.27,0.057449006445161
2017.06.28,-0.081482443483325
2017.06.29,-0.108067709294777
2017.06.30,-0.079873617469159
2017.07.03,-0.033383388762498
2017.07.04,0.001310559747316
2017.07.05,-0.003098494999975
2017.07.06,-0.082390217947674
2017.07.07,-0.059806380450704
2017.07.10,-0.099117294940589
2017.07.11,0.062424550701959
2017.07.12,-0.066582329409754
2017.07.13,-0.029722288769965
2017.07.14,0.028309001847723
2017.07.17,0.048042409391054
2017.07.18,0.03710516499797
2017.07.19,-0.018302146659121
2017.07.20,-0.03771428579468
2017.07.21,-0.043391061220925
2017.07.24,-0.099810693128833
2017.07.25,-0.001049571824405
2017.07.26,-0.159922131671633
2017.07.27,0.063320732580915
2017.07.28,0.020798238201932
2017.07.31,-0.100460257619338
2017.08.01,0.039744543292371
2017.08.02,-0.062485673307788
2017.08.03,-0.120077120572281
2017.08.04,-0.031685778611128
2017.08.07,-0.020453214126796
2017.08.08,-0.003303472567934
2017.08.09,0.024940172913316
2017.08.10,-0.100223387161275
2017.08.11,-0.005278966062407
2017.08.14,-0.075319946127001
2017.08.15,-0.176602158210536
2017.08.16,0.017420865915566
2017.08.17,-0.167840596342013
2017.08.18,0.005658650329983
2017.08.21,-0.067133529054371
2017.08.22,-0.127879176336665
2017.08.23,-0.04897389814075
2017.08.24,-0.051867366626475
2017.08.25,-0.05428463123834
2017.08.28,-0.028353639509378
2017.08.29,0.01528845713141
2017.08.30,-0.029933160064984
2017.08.31,0.092063016115479
2017.09.01,-0.014865481263405
2017.09.04,-0.134094518014995
2017.09.05,-0.003525487648794
2017.09.06,-0.17426968068958
2017.09.07,-0.092606318333263
2017.09.08,0.049608781757412
2017.09.11,0.013882639832739
2017.09.12,-0.022019507948277
2017.09.13,-0.08053266992358
2017.09.14,-0.139289021014543
2017.09.15,-0.039411396136533
2017.09.18,-0.110376668321698
2017.09.19,0.052121570333399
2017.09.20,-0.135491233506911
2017.09.21,-0.026809084559864
2017.09.22,-0.148977093149224
2017.09.25,0.12559484038992
2017.09.26,0.044552013179948
2017.09.27,-0.114739170037192
2017.09.28,-0.025421091114379
2017.09.29,-0.025461872882065
2017.10.09,-0.185970032395224
2017.10.10,-0.184340097206399
2017.10.11,-0.033828324108866
2017.10.12,-0.08713686315057
2017.10.13,-0.009315824569154
2017.10.16,-0.074512823494537
2017.10.17,-0.058530534402551
2017.10.18,0.034597605809349
2017.10.19,-0.021799218004672
2017.10.20,-0.049457663748583
2017.10.23,-0.003942574153813
2017.10.24,-0.125111942951324
2017.10.25,-0.094941213254815
2017.10.26,-0.10313641418483
2017.10.27,-0.029553706862592
2017.10.30,0.033555362625848
2017.10.31,-0.008794202528064
2017.11.01,0.048856771107494
2017.11.02,-0.04979966287529
2017.11.03,0.000086640529447
2017.11.06,-0.025929955459824
2017.11.07,-0.006404130976818
2017.11.08,-0.057990955736228
2017.11.09,-0.074435340622971
2017.11.10,0.095237497686082
2017.11.13,0.041987773183897
2017.11.14,-0.14202533081959
2017.11.15,-0.057911055737949
2017.11.16,-0.012940386648223
2017.11.17,0.066406215286202
2017.11.20,0.038539937958519
2017.11.21,0.034126236521299
2017.11.22,-0.092045369737283
2017.11.23,-0.046377733848601
2017.11.24,-0.130071353803069
2017.11.27,0.015108383827951
2017.11.28,0.059863183468469
2017.11.29,-0.157666379848026
2017.11.30,-0.093780343802414
2017.12.01,0.079442818399867
2017.12.04,0.03840744053209
2017.12.05,-0.009778941782557
2017.12.06,-0.054352077108495
2017.12.07,-0.095588325095522
2017.12.08,-0.063456397572085
2017.12.11,-0.004327847307343
2017.12.12,-0.012781893800006
2017.12.13,-0.043529343170985
2017.12.14,-0.077028441124638
2017.12.15,-0.050880223474151
2017.12.18,-0.119696846882919
2017.12.19,0.001437457799107
2017.12.20,0.009734245196172
2017.12.21,0.042764522134636
2017.12.22,-0.030316874517933
2017.12.25,-0.102611619150459
2017.12.26,-0.078412604921734
2017.12.27,-0.057905003992805
2017.12.28,-0.086660719244954
2017.12.29,-0.054502443255897
2018.01.02,-0.074731565776925
2018.01.03,0.047575702462776
2018.01.04,-0.145309245695072
2018.01.05,-0.005994538841146
2018.01.08,-0.048784206743445
2018.01.09,0.093602026609676
2018.01.10,-0.110949521988007
2018.01.11,-0.03523485385733
2018.01.12,0.02025816887116
2018.01.15,0.015505386856462
2018.01.16,-0.109736376236958
2018.01.17,-0.011095626013383
2018.01.18,-0.071119629462382
2018.01.19,-0.034776349138643
2018.01.22,-0.04608561490579
2018.01.23,-0.034422919823987
2018.01.24,-0.055146690719563
2018.01.25,0.022682106484323
2018.01.26,0.044760831935472
2018.01.29,-0.03642898785253
2018.01.30,-0.007173331193496
2018.01.31,-0.044994180374997
2018.02.01,0.002519991233338
2018.02.02,-0.019046156540989
2018.02.05,-0.056807439240048
2018.02.06,-0.041215956756079
2018.02.07,-0.054439665635342
2018.02.08,-0.031032400599658
2018.02.09,0.00332559002579
2018.02.12,-0.054275723225093
2018.02.13,-0.004205352560955
2018.02.14,0.01076907850073
2018.02.22,-0.112219945176357
2018.02.23,0.019040364401543
2018.02.26,0.016441484340745
2018.02.27,-0.000402234628644
2018.02.28,0.002628682745651
2018.03.01,-0.057705369104255
2018.03.02,0.047471591701606
2018.03.05,-0.147501794456904
2018.03.06,0.030139587865509
2018.03.07,-0.120300343716255
2018.03.08,0.025258051005563
2018.03.09,0.046166101506257
2018.03.12,-0.062140284040856
2018.03.13,-0.124805358625309
2018.03.14,0.082207233335414
2018.03.15,-0.140821079848479
2018.03.16,-0.037176089501424
2018.03.19,-0.042341019025346
2018.03.20,-0.155461657540029
2018.03.21,-0.029003087537665
2018.03.22,-0.092099381454172
2018.03.23,0.167850583940667
2018.03.26,0.185916468120674
2018.03.27,-0.016256916875197
2018.03.28,-0.112847029511186
2018.03.29,0.116519496759218
2018.03.30,-0.005557525658988
2018.04.02,-0.080031310235302
2018.04.03,-0.221902956773998
2018.04.04,0.030285965927924
2018.04.09,-0.099145753844185
2018.04.10,-0.075576109229445
2018.04.11,-0.021177328837778
2018.04.12,-0.019830457334278
2018.04.13,0.186713725928887
2018.04.16,-0.08733863812889
2018.04.17,0.1206380424225
2018.04.18,-0.05495053276062
2018.04.19,-0.03430644618164
2018.04.20,-0.057427425529045
2018.04.23,0.06802039841375
2018.04.24,-0.031071417490001
2018.04.25,0.00416899464717
2018.04.26,-0.105648256653134
2018.04.27,-0.094939842300367
2018.05.02,-0.00773414350055
2018.05.03,-0.138711085638647
2018.05.04,-0.024865606102646
2018.05.07,-0.143038787229138
2018.05.08,-0.108470604415176
2018.05.09,-0.133272781424821
2018.05.10,-0.081048055492727
2018.05.11,-0.048595585532261
2018.05.14,-0.018361163104303
2018.05.15,-0.115042544389859
2018.05.16,-0.038663394339124
2018.05.17,-0.146540866355215
2018.05.18,-0.021163966013833
2018.05.21,-0.033833513532474
2018.05.22,0.034541083262662
2018.05.23,-0.034403503644085
2018.05.24,-0.056495562106486
2018.05.25,-0.02963123089055
2018.05.28,-0.01322760907765
2018.05.29,0.07631922157877
2018.05.30,0.004767973884956
2018.05.31,-0.08197564761208
2018.06.01,-0.031119093278253
2018.06.04,-0.020881097653025
2018.06.05,0.015532191197858
2018.06.06,-0.021579518538478
2018.06.07,0.088766815466328
2018.06.08,-0.073580590459089
2018.06.11,-0.066255188743202
2018.06.12,0.003213391809236
2018.06.13,-0.017258516677239
2018.06.14,-0.027903848314979
2018.06.15,0.034758346899245
2018.06.19,-0.035864186298866
2018.06.20,-0.056377170105937
2018.06.21,-0.09696404301098
2018.06.22,-0.015327251950621
2018.06.25,-0.046725494595968
2018.06.26,-0.086134628759
2018.06.27,-0.118228448132261
2018.06.28,0.026695653474879
2018.06.29,0.10230741119004
2018.07.02,-0.085190020323114
2018.07.03,-0.088654192414335
2018.07.04,0.066796670523559
2018.07.05,0.019700057805642
2018.07.06,-0.07243089635452
2018.07.09,-0.050934196956939
2018.07.10,0.092573818736078
2018.07.11,-0.046060421688123
2018.07.12,-0.052216371656116
2018.07.13,-0.049632154390574
2018.07.16,-0.035317122120464
2018.07.17,-0.184215407262566
2018.07.18,-0.010916422279651
2018.07.19,-0.07687721275234
2018.07.20,-0.034486755106011
2018.07.23,-0.133036216482038
2018.07.24,0.014821049126147
2018.07.25,-0.111597221100521
2018.07.26,-0.041166384075353
2018.07.27,-0.060142672965916
2018.07.30,-0.022619813100546
2018.07.31,0.003186352288798
2018.08.01,0.023193196498519
2018.08.02,-0.078090266705199
2018.08.03,-0.027566514604603
2018.08.06,-0.018480395071474
2018.08.07,-0.029354574893465
2018.08.08,-0.044673931614903
2018.08.09,-0.082585829777263
2018.08.10,-0.012395261794818
2018.08.13,-0.057586396292113
2018.08.14,0.028206156685118
2018.08.15,-0.074921884942265
2018.08.16,-0.016981482837151
2018.08.17,-0.003401050734298
2018.08.20,-0.095238480079031
2018.08.21,0.041713068183067
2018.08.22,-0.109896267258516
2018.08.23,-0.088295928895159
2018.08.24,-0.027577454495752
2018.08.27,-0.078744063915216
2018.08.28,-0.040970994666141
2018.08.29,-0.122566175283734
2018.08.30,0.025354274900228
2018.08.31,0.027705766388131
2018.09.03,0.018220006426124
2018.09.04,-0.02655917271084
2018.09.05,0.031283017562923
2018.09.06,-0.056475197857901
2018.09.07,0.016469993633193
2018.09.10,0.007273675914506
2018.09.11,-0.13933561720375
2018.09.12,-0.035004869685745
2018.09.13,-0.115845719322191
2018.09.14,0.072790951486853
2018.09.17,-0.039969980780613
2018.09.18,-0.104975528746645
2018.09.19,0.077608419408959
2018.09.20,-0.199106749336807
2018.09.21,-0.033505995682441
2018.09.25,-0.064669391945514
2018.09.26,0.035058647454641
2018.09.27,-0.09380011149034
2018.09.28,-0.000521569204446
2018.10.08,0.03659476117799
2018.10.09,-0.062035821620107
2018.10.10,0.106958837334474
2018.10.11,0.086942919803574
2018.10.12,-0.042590642591677
2018.10.15,0.043003152666206
2018.10.16,-0.116900207502461
2018.10.17,-0.036070013561231
2018.10.18,-0.13549048778466
2018.10.19,-0.059364888575772
2018.10.22,0.068334812803576
2018.10.23,-0.109609443341041
2018.10.24,-0.069684998288442
2018.10.25,-0.197345418296511
2018.10.26,-0.085909136319469
2018.10.29,-0.066830284731156
2018.10.30,-0.041771861308876
2018.10.31,-0.003984995505283
2018.11.01,-0.084430886276108
2018.11.02,-0.002729545588109
2018.11.05,-0.080599023785364
2018.11.06,-0.033977440992106
2018.11.07,0.02275831226156
2018.11.08,-0.026079422115113
2018.11.09,0.031612235670254
2018.11.12,0.089234705264447
2018.11.13,-0.035446630674303
2018.11.14,-0.142957906414901
2018.11.15,-0.002034909020596
2018.11.16,-0.137442458278098
2018.11.19,-0.049367102675781
2018.11.20,0.070147448789611
2018.11.21,-0.093417651574291
2018.11.22,-0.074136454998894
2018.11.23,0.034675325187993
2018.11.26,-0.057625195650258
2018.11.27,-0.112229934134618
2018.11.28,-0.085697109231923
2018.11.29,-0.109109187348519
2018.11.30,-0.069119889775411
2018.12.03,0.025952189392804
2018.12.04,-0.115854384468834
2018.12.05,-0.10098650629717
2018.12.06,-0.006422836003587
2018.12.07,0.027351295997361
2018.12.10,0.047892872653369
2018.12.11,-0.056351966487117
2018.12.12,-0.140555469677608
2018.12.13,-0.081082726462419
2018.12.14,0.100961437954437
2018.12.17,0.021907280445548
2018.12.18,0.007977440899575
2018.12.19,0.019335794345464
2018.12.20,-0.01848495623929
2018.12.21,-0.161521561157751
2018.12.24,0.044188693833838
2018.12.25,-0.015117510786391
2018.12.26,-0.100421331210782
2018.12.27,-0.048445639082065
2018.12.28,-0.000002144861532
2019.01.02,-0.111129336650306
2019.01.03,-0.058296176391607
2019.01.04,-0.044524482808365
2019.01.07,-0.044779908825509
2019.01.08,-0.016702628222214
2019.01.09,-0.040825688409081
2019.01.10,-0.071808643700311
2019.01.11,0.076365327729559
2019.01.14,-0.227072755475288
2019.01.15,-0.125344157163021
2019.01.16,0.003699159135437
2019.01.17,-0.226344692365278
2019.01.18,-0.094685261639269
2019.01.21,-0.027642549578328
2019.01.22,0.012247142635126
2019.01.23,-0.131579001004963
2019.01.24,-0.100419414606185
2019.01.25,-0.099117274253166
2019.01.28,-0.043441148833667
2019.01.29,-0.043272737205819
2019.01.30,0.031646730411331
2019.01.31,-0.047598143554766
2019.02.01,0.04338573253864
2019.02.11,-0.040972484982564
2019.02.12,-0.103099560796614
2019.02.13,-0.078832393588191
2019.02.14,-0.034616823453889
2019.02.15,0.045515200263834
2019.02.18,0.044131770104686
2019.02.19,-0.080971203992344
2019.02.20,-0.01658827418041
2019.02.21,-0.012526399294393
2019.02.22,0.077056317859082
2019.02.25,-0.053218489374953
2019.02.26,-0.067163233240267
2019.02.27,-0.08336490643574
2019.02.28,-0.035460530035385
2019.03.01,0.082886529773317
2019.03.04,0.073279747374856
2019.03.05,0.084450935329579
2019.03.06,0.049248429148752
2019.03.07,-0.075484312495303
2019.03.08,0.048678357195883
2019.03.11,0.029263431164497
2019.03.12,-0.127520912599356
2019.03.13,-0.203990405976993
2019.03.14,-0.053391300260281
2019.03.15,-0.08433957563421
2019.03.18,-0.014117669717671
2019.03.19,-0.032253110477305
2019.03.20,0.042658685263999
2019.03.21,-0.204061040824405
2019.03.22,-0.084836947933165
2019.03.25,-0.107442225943103
2019.03.26,-0.130647706068731
2019.03.27,-0.093954850731059
2019.03.28,0.037856573079795
2019.03.29,0.125587606033479
2019.04.01,-0.032686796285237
2019.04.02,-0.099512923418252
2019.04.03,-0.097770096878049
2019.04.04,-0.097056796769539
2019.04.08,0.021874033688705
2019.04.09,-0.012243432438785
2019.04.10,-0.038737271854969
2019.04.11,-0.064557285798236
2019.04.12,-0.079519546515498
2019.04.15,0.040236824023593
2019.04.16,-0.001673879038845
2019.04.17,-0.041975830808409
2019.04.18,-0.016395233415552
2019.04.19,-0.061695546585882
2019.04.22,-0.038789554119592
2019.04.23,0.013166033992787
2019.04.24,-0.115387474452899
2019.04.25,-0.004153506765508
2019.04.26,-0.184204008069374
2019.04.29,-0.019611038945975
2019.04.30,-0.160663943481358
2019.05.06,-0.039707991850319
2019.05.07,-0.062657684451776
2019.05.08,-0.106380064376476
2019.05.09,0.185750522218996
2019.05.10,-0.101436596429404
2019.05.13,0.045807880459506
2019.05.14,0.055881517268296
2019.05.15,-0.152285195292513
2019.05.16,-0.065922549881381
2019.05.17,-0.025084988431843
2019.05.20,0.029496607299752
2019.05.21,-0.061516434710905
2019.05.22,-0.108026634388262
2019.05.23,-0.155458025621367
2019.05.24,0.060291728279192
2019.05.27,-0.052936238275835
2019.05.28,-0.031922979360291
2019.05.29,-0.058594804657094
2019.05.30,-0.091565467479215
2019.05.31,-0.085971143636111
2019.06.03,-0.089447374801626
2019.06.04,-0.035607101933825
2019.06.05,-0.022459986300985
2019.06.06,-0.012211092933827
2019.06.10,0.046920257887976
2019.06.11,-0.062576233387753
2019.06.12,-0.046702501748367
2019.06.13,-0.198741242500109
2019.06.14,-0.082553571252332
2019.06.17,-0.083230880489524
2019.06.18,-0.124504955638163
2019.06.19,-0.139322184762047
2019.06.20,-0.113319678668939
2019.06.21,-0.041766539258248
2019.06.24,-0.059888525295557
2019.06.25,-0.150530458932062
2019.06.26,-0.054420920299287
2019.06.27,-0.053934852632514
2019.06.28,-0.116121946511351
2019.07.01,-0.107352519856661
2019.07.02,-0.061370416407619
2019.07.03,-0.105501094162641
2019.07.04,-0.080509650743578
2019.07.05,-0.020385192473525
2019.07.08,0.009361385336977
2019.07.09,-0.080213261983701
2019.07.10,-0.146579332033869
2019.07.11,-0.107293716227836
2019.07.12,0.043940567577993
2019.07.15,-0.163246396394818
2019.07.16,-0.001770716584713
2019.07.17,-0.012883994290078
2019.07.18,-0.057988787012806
2019.07.19,-0.082059358082729
2019.07.22,0.013202851266037
2019.07.23,-0.05966067257407
2019.07.24,-0.052930816496602
2019.07.25,-0.093171809659251
2019.07.26,-0.005582330936533
2019.07.29,-0.173004100855315
2019.07.30,-0.047105412287565
2019.07.31,-0.040715658964439
2019.08.01,0.050841361480305
2019.08.02,0.023384893521793
2019.08.05,0.100923510936417
2019.08.06,-0.109367485362569
2019.08.07,0.038205798866926
2019.08.08,-0.083689376719277
2019.08.09,-0.017627836303989
2019.08.12,0.018506877921227
2019.08.13,-0.09838767320812
2019.08.14,0.016514293627848
2019.08.15,-0.095578868049027
2019.08.16,0.009038893504434
2019.08.19,-0.075655813724486
2019.08.20,-0.100825138569967
2019.08.21,-0.048537927145355
2019.08.22,-0.075928352088434
2019.08.23,0.056102039004222
2019.08.26,-0.09950527221348
2019.08.27,-0.086068438155283
2019.08.28,-0.039770786507727
2019.08.29,-0.092652172367773
2019.08.30,-0.072351958053809
2019.09.02,0.035469082785364
2019.09.03,-0.061336127159784
2019.09.04,-0.027770055835979
2019.09.05,-0.061487125145362
2019.09.06,0.152288939488599
2019.09.09,-0.112108457509888
2019.09.10,-0.117188283260203
2019.09.11,-0.028783342440659
2019.09.12,0.035508397591286
2019.09.16,-0.072369066401117
2019.09.17,-0.076183021930659
2019.09.18,0.021017861082929
2019.09.19,-0.076392876247206
2019.09.20,0.050788902195033
2019.09.23,-0.032870803859709
2019.09.24,-0.132042819963404
2019.09.25,-0.225381000017411
2019.09.26,-0.064531932504455
2019.09.27,-0.160313674623218
2019.09.30,-0.028265043595054
2019.10.08,0.073630339124405
2019.10.09,0.026563977477008
2019.10.10,-0.091344914411225
2019.10.11,-0.002463373553514
2019.10.14,-0.091235571266618
2019.10.15,-0.057132966623751
2019.10.16,0.011452487957018
2019.10.17,-0.105314487234556
2019.10.18,-0.048857378527732
2019.10.21,-0.03867449949854
2019.10.22,-0.07793985926407
2019.10.23,-0.054470988060447
2019.10.24,-0.016613608522445
2019.10.25,0.113735304071761
2019.10.28,0.024922490500955
2019.10.29,0.047210032893123
2019.10.30,-0.002411981082233
2019.10.31,-0.042720485724282
2019.11.01,-0.021497385529213
2019.11.04,-0.019000358959716
2019.11.05,-0.110246544884622
2019.11.06,0.029295663104229
2019.11.07,-0.129113638524219
2019.11.08,0.083400087445202
2019.11.11,0.026071868322647
2019.11.12,-0.046264046674678
2019.11.13,0.004069247270068
2019.11.14,-0.077041249260537
2019.11.15,0.002138939443431
2019.11.18,-0.004937120183167
2019.11.19,-0.056384266399615
2019.11.20,-0.063037305590613
2019.11.21,-0.184531238666031
2019.11.22,-0.165368371628551
2019.11.25,-0.013838305228965
2019.11.26,0.031004571871848
2019.11.27,-0.015734810191765
2019.11.28,-0.052088216985325
2019.11.29,0.025452023878133
2019.12.02,-0.023088379664033
2019.12.03,-0.071049355999168
2019.12.04,-0.017142835877664
2019.12.05,0.053756428440932
2019.12.06,0.012086365534531
2019.12.09,0.129870279337536
2019.12.10,-0.079352943743631
2019.12.11,0.000067126704884
2019.12.12,-0.132554326586131
2019.12.13,0.096586544899893
2019.12.16,-0.03048947120995
2019.12.17,-0.064689779476966
2019.12.18,-0.052034416875944
2019.12.19,-0.108754286111781
2019.12.20,-0.123155975910864
2019.12.23,0.117138838676379
2019.12.24,0.081807152687776
2019.12.25,-0.068743657956689
2019.12.26,-0.150950527238896
2019.12.27,-0.080283928432177
2019.12.30,-0.158081087276279
2019.12.31,0.103370181356143
2020.01.02,-0.009378540765203
2020.01.03,0.032920417524147
2020.01.06,-0.043156270262192
2020.01.07,-0.065571160108557
2020.01.08,-0.051118695575011
2020.01.09,-0.097097402248448
2020.01.10,0.09633894730894
2020.01.13,-0.087080397540463
2020.01.14,0.062860406550774
2020.01.15,0.032463038109282
2020.01.16,-0.056361800439728
2020.01.17,-0.029684903642926
2020.01.20,-0.068360283881798
2020.01.21,0.149670601466244
2020.01.22,-0.100770068710591
2020.01.23,-0.015759924864558
2020.02.03,0.119788638518504
2020.02.04,0.014577571492013
2020.02.05,0.144134883761886
2020.02.06,0.039582818358168
2020.02.07,-0.130316720686067
2020.02.10,-0.07434927725592
2020.02.11,0.141720341712771
2020.02.12,-0.029515508449126
2020.02.13,-0.025978762295034
2020.02.14,0.037544461171938
2020.02.17,0.154147117678856
2020.02.18,-0.143627284979301
2020.02.19,-0.012159965011188
2020.02.20,0.121140382169121
2020.02.21,0.130212377881268
2020.02.24,0.055710856516957
2020.02.25,-0.330903326931568
2020.02.26,-0.111491243048574
2020.02.27,-0.214580349212861
2020.02.28,-0.026528911233264
2020.03.02,0.017650863849114
2020.03.03,-0.104897098943617
2020.03.04,-0.145324263949205
2020.03.05,-0.103087086102334
2020.03.06,-0.186201623693086
2020.03.09,0.191473734229008
2020.03.10,-0.101141039377499
2020.03.11,0.018846995843793
2020.03.12,0.103380154640581
2020.03.13,-0.195819900690257
2020.03.16,0.010846489883076
2020.03.17,-0.045766947244895
2020.03.18,0.172684788134017
2020.03.19,-0.131448463483535
2020.03.20,-0.16549662520737
2020.03.23,-0.011553510224063
2020.03.24,-0.049158234039638
2020.03.25,-0.098052061165025
2020.03.26,-0.239510531711143
2020.03.27,-0.029404851257058
2020.03.30,-0.109549168938978
2020.03.31,-0.024595343136402
2020.04.01,0.026605333533272
2020.04.02,-0.052334446211295
2020.04.03,0.095219592931904
2020.04.07,-0.058900835204358
2020.04.08,-0.04382584636852
2020.04.09,-0.12793104067635
2020.04.10,-0.046228543049909
2020.04.13,-0.071823210548003
2020.04.14,-0.092371025338379
2020.04.15,-0.039616600203217
2020.04.16,-0.120187050043117
2020.04.17,-0.013299511580723
2020.04.20,0.022799799991541
2020.04.21,0.026898875940399
2020.04.22,-0.002757054652135
2020.04.23,-0.075293427936478
2020.04.24,-0.07437666640204
2020.04.27,-0.049092126584426
2020.04.28,-0.156657269438834
2020.04.29,-0.072765941463982
2020.04.30,0.064435629069072
2020.05.06,0.001764407898206
2020.05.07,-0.068355106353193
2020.05.08,-0.015272446772843
2020.05.11,0.017575783935508
2020.05.12,-0.013909194236966
2020.05.13,-0.034022297066876
2020.05.14,-0.001554944427965
2020.05.15,-0.047371552202345
2020.05.18,0.004020479430708
2020.05.19,-0.082853519089032
2020.05.20,-0.07937437892159
2020.05.21,-0.034150929548568
2020.05.22,0.031801862821598
2020.05.25,0.007618325205192
2020.05.26,-0.060718553000345
2020.05.27,-0.072790970118616
2020.05.28,0.023811933090308
2020.05.29,0.068382160354132
2020.06.01,-0.171466022149584
2020.06.02,0.076321151842471
2020.06.03,-0.042154610538051
2020.06.04,-0.024922170846313
2020.06.05,-0.142924369907287
2020.06.08,0.048659031392363
2020.06.09,0.006224448268852
2020.06.10,-0.000744726258584
2020.06.11,-0.031985701898748
2020.06.12,-0.045406595195886
2020.06.15,-0.010319717994034
2020.06.16,-0.099279350460364
2020.06.17,-0.187660130494241
2020.06.18,0.032627046928027
2020.06.19,-0.002550639063072
2020.06.22,0.057674188874964
2020.06.23,-0.124917926869096
2020.06.24,0.003241286569215
2020.06.29,0.064016387352323
2020.06.30,-0.102571843705306
2020.07.01,-0.133216208455177
2020.07.02,-0.153604468084147
2020.07.03,-0.081802535591758
2020.07.06,0.144085837730667
2020.07.07,-0.004300057862773
2020.07.08,0.007566468463316
2020.07.09,0.043259066593078
2020.07.10,-0.031114632137979
2020.07.13,-0.083840002206259
2020.07.14,-0.122633812844987
2020.07.15,-0.169358216992519
2020.07.16,0.025885845987395
2020.07.17,-0.081836859414723
2020.07.20,0.008357112161128
2020.07.21,0.108211614701258
2020.07.22,0.03840475429479
2020.07.23,-0.209479464449758
2020.07.24,0.062048634720922
2020.07.27,0.000040569503558
2020.07.28,0.128070751823266
2020.07.29,-0.133850068570821
2020.07.30,0.034043224556827
2020.07.31,-0.037779222943373
2020.08.03,-0.073639290124757
2020.08.04,0.036266660465734
2020.08.05,0.015299175822233
2020.08.06,-0.007019931310955
2020.08.07,-0.233328700476653
2020.08.10,-0.089470649605338
2020.08.11,-0.167379833131946
2020.08.12,-0.08055397922504
2020.08.13,-0.012777035567795
2020.08.14,0.062706987680926
2020.08.17,0.003679870083683
2020.08.18,-0.154045036876301
2020.08.19,-0.164579237254719
2020.08.20,-0.056395370072933
2020.08.21,-0.046581927326652
2020.08.24,-0.152578634129309
2020.08.25,-0.125142367443892
2020.08.26,-0.008859595527405
2020.08.27,-0.021717296050397
2020.08.28,0.039727836924013
2020.08.31,0.053541477932137
2020.09.01,-0.052748031284022
2020.09.02,-0.09441621013267
2020.09.03,-0.004805932983612
2020.09.04,0.039750639896929
2020.09.07,0.066268232934737
2020.09.08,-0.075286483350664
2020.09.09,-0.138489269026196
2020.09.10,0.029987296301481
2020.09.11,0.143367489511064
2020.09.14,-0.012361292243562
2020.09.15,-0.1234980886222
2020.09.16,-0.069995270270112
2020.09.17,-0.114234487515855
2020.09.18,0.013137620754153
2020.09.21,-0.137966391622828
2020.09.22,0.020423851895664
2020.09.23,-0.105014837066039
2020.09.24,-0.016441898788794
2020.09.25,-0.099995025933479
2020.09.28,0.007575155439193
2020.09.29,0.017743132161234
2020.09.30,0.051277493344789
2020.10.09,0.057582461832634
2020.10.12,0.033024766603192
2020.10.13,-0.107564827574832
2020.10.14,-0.053362203345526
2020.10.15,-0.08653645026503
2020.10.16,-0.071253898855529
2020.10.19,-0.028273329547139
2020.10.20,-0.047327474446364
2020.10.21,-0.03475318153014
2020.10.22,-0.102160759855601
2020.10.23,-0.020177191877778
2020.10.26,-0.011919138064514
2020.10.27,-0.025762775657828
2020.10.28,-0.005691497562107
2020.10.29,0.039970022597327
2020.10.30,0.113746827339946
2020.11.02,-0.195926375197031
2020.11.03,0.096387816390569
2020.11.04,-0.035762294573456
2020.11.05,-0.026266075367197
2020.11.06,-0.046855328066175
2020.11.09,-0.106574773109415
2020.11.10,-0.007375732770681
2020.11.11,0.062617050298513
2020.11.12,-0.003274629247225
2020.11.13,0.020483784361102
2020.11.16,-0.018785283147553
2020.11.17,-0.026495295789332
2020.11.18,-0.090991906759225
2020.11.19,0.007546349037039
2020.11.20,0.09878700747911
2020.11.23,-0.030523957153106
2020.11.24,-0.117533168487367
2020.11.25,-0.076936493989747
2020.11.26,-0.0610055099564
2020.11.27,-0.024654627585162
2020.11.30,-0.093461508490791
2020.12.01,-0.06185091305421
2020.12.02,-0.127129535607525
2020.12.03,-0.007004772368684
2020.12.04,0.023697764541342
2020.12.07,0.030713232820113
2020.12.08,0.005593759675249
2020.12.09,0.009732551450925
2020.12.10,0.031619433791912
2020.12.11,0.031489210774272
2020.12.14,-0.072848365462876
2020.12.15,0.015984445052887
2020.12.16,-0.038160037303625
2020.12.17,0.06147192483225
2020.12.18,0.131674284756349
2020.12.21,0.016466265604088
2020.12.22,0.058467840945616
2020.12.23,0.079799149782688
2020.12.24,0.042179450389657
2020.12.25,0.128623655574171
2020.12.28,-0.242943382372778
2020.12.29,0.082733015259241
2020.12.30,-0.049742561112971
2020.12.31,0.101847759238946
2021.01.04,-0.090562465694215
2021.01.05,-0.036526656152847
2021.01.06,0.160714375256484
2021.01.07,-0.226132992523231
2021.01.08,-0.062644091123776
2021.01.11,0.09293968749606
2021.01.12,0.050023895115054
2021.01.13,-0.216655902857462
2021.01.14,-0.08333827434801
2021.01.15,0.036509663320363
2021.01.18,-0.156997303725412
2021.01.19,0.118251858203872
2021.01.20,-0.03123654247136
2021.01.21,-0.013184616854765
2021.01.22,0.105791098709794
2021.01.25,-0.153773863109855
2021.01.26,-0.040703123764393
2021.01.27,-0.076524624289993
2021.01.28,-0.022551730821072
2021.01.29,-0.010434947218957
2021.02.01,0.029420666862176
2021.02.02,0.020219321201171
2021.02.03,0.025630321068495
2021.02.04,-0.100453993348534
2021.02.05,-0.030840270753418
2021.02.08,0.009606387872295
2021.02.09,-0.006244632083704
2021.02.10,-0.060469058101828
2021.02.18,-0.007759252823598
2021.02.19,-0.007244985338469
2021.02.22,-0.069385565867203
2021.02.23,-0.112351087219685
2021.02.24,-0.088439252652301
2021.02.25,-0.078039006219135
2021.02.26,0.018896188263929
2021.03.01,-0.101154345528053
2021.03.02,0.061242663272874
2021.03.03,-0.0175251906345
2021.03.04,-0.119316848443882
2021.03.05,-0.017159761039147
2021.03.08,-0.023247239350056
2021.03.09,-0.002741037263901
2021.03.10,0.036718214129528
2021.03.11,-0.034590756720478
2021.03.12,0.085791497810511
2021.03.15,-0.057354644104624
2021.03.16,-0.142164650381331
2021.03.17,-0.058098812612776
2021.03.18,-0.104647659494011
2021.03.19,0.049272658192114
2021.03.22,-0.220584674141919
2021.03.23,-0.000875871248126
2021.03.24,-0.085445397504168
2021.03.25,0.015214529668606
2021.03.26,0.048527096910975
2021.03.29,-0.023355407671599
2021.03.30,-0.067360508373419
2021.03.31,-0.028166149456307
2021.04.01,-0.088663602760057
2021.04.02,-0.059579935117571
2021.04.06,0.014237043006674
2021.04.07,-0.027653693560376
2021.04.08,-0.007837782447876
2021.04.09,0.032989956327072
2021.04.12,-0.042292081859116
2021.04.13,-0.008997587486585
2021.04.14,-0.080601199226469
2021.04.15,-0.030160673213804
2021.04.16,-0.064833278730618
2021.04.19,-0.080096259775034
2021.04.20,-0.056758942423928
2021.04.21,-0.067101388371351
2021.04.22,-0.083469676430548
2021.04.23,-0.106078634456188
2021.04.26,0.031780341396609
2021.04.27,0.069846789459001
2021.04.28,-0.082645245799412
2021.04.29,0.102847171461618
2021.04.30,0.045884563511058
2021.05.06,-0.06500890385249
2021.05.07,0.19897070653278
2021.05.10,-0.05316591877373
2021.05.11,0.033771634058154
2021.05.12,-0.056718857881833
2021.05.13,-0.085759030496318
2021.05.14,-0.093184299370184
2021.05.17,0.054174915172826
2021.05.18,-0.079573880204945
2021.05.19,-0.011215201393339
2021.05.20,0.022951943086393
2021.05.21,-0.019524241385846
2021.05.24,-0.004879339388135
2021.05.25,-0.100811180635768
2021.05.26,-0.06511802991621
2021.05.27,0.010780968053234
2021.05.28,0.124302474379311
2021.05.31,-0.096047848263151
2021.06.01,-0.15625018621054
2021.06.02,-0.105926556317937
2021.06.03,0.016442336405036
2021.06.04,0.064774172098527
2021.06.07,-0.093932689600528
2021.06.08,-0.056455713864157
2021.06.09,0.017883726493423
2021.06.10,-0.043934315858403
2021.06.11,-0.017251519416437
2021.06.15,-0.166985146048138
2021.06.16,0.198825644433789
2021.06.17,0.023972787575005
2021.06.18,0.024591924666534
2021.06.21,-0.113336544306503
2021.06.22,-0.031616220377839
2021.06.23,-0.21993526183222
2021.06.24,-0.003407393304945
2021.06.25,0.004040533620324
2021.06.28,-0.108850806285964
2021.06.29,0.02741288822144
2021.06.30,-0.195892578830223
2021.07.01,0.057018332080011
2021.07.02,0.166549407941182
2021.07.05,0.000385985673037
2021.07.06,0.081528809504494
2021.07.07,0.122285443989437
2021.07.08,0.01475713782388
2021.07.09,0.020269247923404
2021.07.12,-0.071162703403532
2021.07.13,-0.089736360349509
2021.07.14,0.101568451095704
2021.07.15,0.015898487341553
2021.07.16,-0.062299710158565
2021.07.19,0.032048268777335
2021.07.20,0.167163421836642
2021.07.21,0.052374737566801
2021.07.22,0.070260132561451
2021.07.23,0.128482930367809
2021.07.26,-0.179477633704632
2021.07.27,-0.063934781069355
2021.07.28,0.31138131627045
2021.07.29,0.013238586853739
2021.07.30,-0.114177469128571
2021.08.02,-0.272575519689243
2021.08.03,0.273296987154267
2021.08.04,-0.051697943217668
2021.08.05,0.119485325143878
2021.08.06,-0.245413371355418
2021.08.09,-0.01860750447491
2021.08.10,0.001172546312802
2021.08.11,0.003829976959589
2021.08.12,-0.019516360331413
2021.08.13,-0.245065737064641
2021.08.16,-0.128932881877943
2021.08.17,-0.03802912034341
2021.08.18,0.046041355570506
2021.08.19,0.073447151172567
2021.08.20,0.042890181783999
2021.08.23,-0.001331955070521
2021.08.24,-0.029621914585279
2021.08.25,-0.061262375401235
2021.08.26,0.054569045121817
2021.08.27,0.142253205331587
2021.08.30,0.021082548413589
2021.08.31,-0.302896805714885
2021.09.01,0.163629745054188
2021.09.02,-0.217775584755324
2021.09.03,-0.079969420087247
2021.09.06,0.144432367726235
2021.09.07,-0.106040497685989
2021.09.08,-0.011295480107352
2021.09.09,0.056757156929322
2021.09.10,0.006249790608003
2021.09.13,0.020311675639824
2021.09.14,0.150076276723391
2021.09.15,-0.272089633048254
2021.09.16,-0.086974719246604
2021.09.17,0.067754240849294
2021.09.22,-0.115142109962548
2021.09.23,-0.157744686269928
2021.09.24,-0.22453048529161
2021.09.27,-0.023051599952144
2021.09.28,-0.183997433312686
2021.09.29,0.160032646557096
2021.09.30,-0.198529093987698
2021.10.08,-0.134916923728443
2021.10.11,-0.123490450477015
2021.10.12,0.058138561522036
2021.10.13,-0.017507803048587
2021.10.14,0.056692439963677
2021.10.15,0.066929723995984
2021.10.18,0.031579788120604
2021.10.19,0.107893576712017
2021.10.20,-0.013336388250756
2021.10.21,-0.030462447949609
2021.10.22,0.058623497502349
2021.10.25,-0.006950632911361
2021.10.26,0.140060950273648
2021.10.27,-0.034947181968858
2021.10.28,-0.004194324046148
2021.10.29,0.004994820877255
2021.11.01,0.072388447678716
2021.11.02,-0.152032803675461
2021.11.03,0.120286147547281
2021.11.04,-0.07851600397349
2021.11.05,-0.027267306663702
2021.11.08,0.045653683208192
2021.11.09,-0.097672723379878
2021.11.10,-0.127367827453869
2021.11.11,0.1356538161947
2021.11.12,-0.237288971815096
2021.11.15,-0.111346777131746
2021.11.16,0.057246603503214
2021.11.17,0.016612472122073
2021.11.18,-0.041576141286153
2021.11.19,0.097565452047345
2021.11.22,-0.157635306470646
2021.11.23,-0.15029319744375
2021.11.24,-0.140063939421393
2021.11.25,-0.03103357406044
2021.11.26,0.096711350991112
2021.11.29,-0.104281920762573
2021.11.30,-0.141161271767954
2021.12.01,-0.138972037466739
2021.12.02,-0.083043183886804
2021.12.03,-0.067551717224997
2021.12.06,-0.286593205907973
2021.12.07,0.073591659331185
2021.12.08,-0.215457167306943
2021.12.09,-0.000086671952962
2021.12.10,0.06877884985515
2021.12.13,-0.070207113772441
2021.12.14,0.049796813897557
2021.12.15,-0.022122741694008
2021.12.16,-0.055182895787742
2021.12.17,-0.135419871818654
2021.12.20,0.034259415580369
2021.12.21,-0.053871270421071
2021.12.22,0.009164523890843
2021.12.23,-0.164096009002562
2021.12.24,-0.141746271650203
2021.12.27,-0.162943960461328
2021.12.28,-0.093650286007929
2021.12.29,-0.024910682706978
2021.12.30,0.000341543428986
2021.12.31,-0.025244312690366
2022.01.04,-0.037691806739436
2022.01.05,0.052566850331404
2022.01.06,-0.07788225008525
2022.01.07,-0.040045664790214
2022.01.10,-0.09356808228865
2022.01.11,-0.090455173559033
2022.01.12,-0.000996304059514
2022.01.13,-0.009314067439181
2022.01.14,-0.109396424818857
2022.01.17,-0.086531552705224
2022.01.18,0.009538169608274
2022.01.19,-0.023087436695565
2022.01.20,-0.097473741258661
2022.01.21,0.009255524667757
2022.01.24,-0.177628420038368
2022.01.25,-0.023960040468239
2022.01.26,-0.073645992612167
2022.01.27,-0.05458568942398
2022.01.28,-0.023810071630543
2022.02.07,0.059120697219001
2022.02.08,0.020747559269273
2022.02.09,0.079376403997752
2022.02.10,0.063542198316533
2022.02.11,-0.089744863539083
2022.02.14,-0.075026943297574
2022.02.15,-0.056627791514442
2022.02.16,0.011655902899381
2022.02.17,0.014810003083261
2022.02.18,-0.040465804269284
2022.02.21,0.045179902675154
2022.02.22,-0.222286110616318
2022.02.23,-0.044173068333281
2022.02.24,-0.104828959137169
2022.02.25,0.069994365100684
2022.02.28,0.01412234423641
2022.03.01,0.037297182045764
2022.03.02,0.059563601170544
2022.03.03,-0.101065048852722
2022.03.04,0.253147962426901
2022.03.07,0.000848350005304
2022.03.08,0.223605714591561
2022.03.09,-0.069975568292652
2022.03.10,-0.166638347789029
2022.03.11,-0.023052037403443
2022.03.14,0.15059376963844
2022.03.15,0.00144356867795
2022.03.16,-0.140260142863264
2022.03.17,0.000909903918704
2022.03.18,0.014290392057275
2022.03.21,-0.045873402240208
2022.03.22,-0.07692704967208
2022.03.23,0.063879146389388
2022.03.24,-0.020816864731761
2022.03.25,0.020649778117467
2022.03.28,0.083041791615254
2022.03.29,-0.153429702926999
2022.03.30,-0.037244359063423
2022.03.31,-0.053978019281511
2022.04.01,0.07765033785549
2022.04.06,-0.018919032329693
2022.04.07,0.072313129299349
2022.04.08,0.050234056177053
2022.04.11,-0.125456784024808
2022.04.12,-0.119191955270197
2022.04.13,0.109167631534795
2022.04.14,-0.113881930867671
2022.04.15,-0.222208719531717
2022.04.18,0.100288756207704
2022.04.19,-0.127834133289843
2022.04.20,-0.033705538822198
2022.04.21,0.006360754723707
2022.04.22,0.103305540455024
2022.04.25,0.040482916540776
2022.04.26,-0.087168175428222
2022.04.27,0.030168404962951
2022.04.28,-0.106803375698065
2022.04.29,0.007991178001276
2022.05.05,-0.086521714854089
2022.05.06,-0.028229523146875
2022.05.09,0.041830693175167
2022.05.10,0.008638110661297
2022.05.11,-0.053807374196422
2022.05.12,-0.068057678452704
2022.05.13,0.015657448536534
2022.05.16,0.055719749845587
2022.05.17,-0.137915311965813
2022.05.18,0.149077108953319
2022.05.19,-0.175365409193942
2022.05.20,-0.092740402933745
2022.05.23,-0.010342123905641
2022.05.24,-0.076580820313774
2022.05.25,-0.075659233509078
2022.05.26,-0.000481417780489
2022.05.27,-0.016001599757981
2022.05.30,-0.137057269036614
2022.05.31,-0.056710751617595
2022.06.01,-0.056903328496585
2022.06.02,-0.087733073562887
2022.06.06,-0.052713982462388
2022.06.07,-0.088477084451631
2022.06.08,-0.000896863034586
2022.06.09,-0.007519837698487
2022.06.10,0.02847182544493
2022.06.13,0.133494719990429
2022.06.14,-0.217734629337124
2022.06.15,-0.09875541449823
2022.06.16,0.099692665073754
2022.06.17,-0.054107887620805
2022.06.20,-0.146005846513581
2022.06.21,0.105814144535108
2022.06.22,0.06743009655287
2022.06.23,-0.066496927970669
2022.06.24,-0.009038035496962
2022.06.27,-0.168135788510839
2022.06.28,-0.251807065394842
2022.06.29,-0.026361501452567
2022.06.30,-0.05588877606541
2022.07.01,0.010508512754054
2022.07.04,0.042575670442787
2022.07.05,0.024387229147717
2022.07.06,0.149844580389702
2022.07.07,-0.216144561948655
2022.07.08,-0.020569649421387
2022.07.11,0.047280787964188
2022.07.12,0.093207882919852
2022.07.13,0.054543780126512
2022.07.14,0.088435001439278
2022.07.15,-0.04561431910292
2022.07.18,-0.18737002380049
2022.07.19,-0.057815691659227
2022.07.20,-0.067338358059916
2022.07.21,0.104182387563551
2022.07.22,-0.171717420881816
2022.07.25,0.005797027745824
2022.07.26,0.025907914387617
2022.07.27,-0.11619245222885
2022.07.28,0.163180600790807
2022.07.29,-0.026213653905148
2022.08.01,0.034587886648857
2022.08.02,-0.163028122811506
2022.08.03,-0.140253732088276
2022.08.04,-0.125528902119869
2022.08.05,0.092758517178871
2022.08.08,0.001852921341692
2022.08.09,0.127126792161627
2022.08.10,-0.296905297970039
2022.08.11,-0.199851180261121
2022.08.12,0.099554210767853
2022.08.15,0.040565546962153
2022.08.16,-0.122649811706357
2022.08.17,0.122186194675069
2022.08.18,-0.118274604693311
2022.08.19,-0.078816946492607
2022.08.22,0.146411605820992
2022.08.23,-0.182471806376677
2022.08.24,-0.091285482090155
2022.08.25,-0.131101772425376
2022.08.26,0.042918723275481
2022.08.29,-0.122529679077362
2022.08.30,-0.15679929388616
2022.08.31,0.001247713561299
2022.09.01,-0.031489697669504
2022.09.02,0.120298928355679
2022.09.05,0.067841333509068
2022.09.06,0.01931918045016
2022.09.07,0.026183907112274
2022.09.08,-0.135573045810943
2022.09.09,-0.084937563590827
2022.09.13,0.002284596614214
2022.09.14,-0.014768387237234
2022.09.15,0.01377150928393
2022.09.16,0.034936477947595
2022.09.19,-0.086524382227956
2022.09.20,-0.042771838902347
2022.09.21,-0.003133185057616
2022.09.22,0.048163595991546
2022.09.23,0.033679483209926
2022.09.26,-0.115689691271857
2022.09.27,0.012042293518362
2022.09.28,-0.020428691561358
2022.09.29,-0.090699605698339
2022.09.30,0.012610542473827
2022.10.10,0.023258519340012
2022.10.11,-0.07084746315214
2022.10.12,-0.036223064877279
2022.10.13,0.012185044482383
2022.10.14,-0.047198237735924
2022.10.17,0.079952973866659
2022.10.18,-0.062248592952605
2022.10.19,-0.047804886923421
2022.10.20,0.099569429984095
2022.10.21,-0.056995525338364
2022.10.24,-0.015730889759002
2022.10.25,0.058383191198828
2022.10.26,-0.070540405947722
2022.10.27,0.149674963670604
2022.10.28,0.097463886936879
2022.10.31,-0.17689772955485
2022.11.01,-0.136722331342891
2022.11.02,-0.039679673512474
2022.11.03,-0.214159441676146
2022.11.04,-0.178555166791656
2022.11.07,0.020753929763185
2022.11.08,-0.027093199872943
2022.11.09,-0.113436121415373
2022.11.10,-0.159059148550791
2022.11.11,-0.019931835121482
2022.11.14,-0.00054660163746
2022.11.15,-0.122121107279294
2022.11.16,0.12210366473518
2022.11.17,-0.110306827200782
2022.11.18,-0.026058301774982
2022.11.21,-0.114434209065212
2022.11.22,-0.105251235393925
2022.11.23,-0.01792585836466
2022.11.24,-0.027368438240281
2022.11.25,0.096449319483484
2022.11.28,-0.070333475333119
2022.11.29,-0.001322424979983
2022.11.30,-0.082304553302293
2022.12.01,-0.023700360032795
2022.12.02,0.09586813883394
2022.12.05,-0.155152809060516
2022.12.06,-0.037954140815881
2022.12.07,0.079456940880031
2022.12.08,-0.037517419995133
2022.12.09,-0.087764451525284
2022.12.12,0.053250578316542
2022.12.13,-0.015543703417726
2022.12.14,-0.168888939534654
2022.12.15,0.115336883956871
2022.12.16,0.029538513008472
2022.12.19,-0.145752916021097
2022.12.20,0.083226538792958
2022.12.21,-0.0043366356813
2022.12.22,-0.109644254273108
2022.12.23,-0.07474121542493
2022.12.26,-0.019149074763396
2022.12.27,-0.088809925206398
2022.12.28,-0.087125864034139
2022.12.29,-0.008471673724042
2022.12.30,-0.054115865666835
2023.01.03,-0.099321292350576
2023.01.04,-0.034724118164987
2023.01.05,-0.02861049888858
2023.01.06,-0.005397320159701
2023.01.09,0.10041325608414
2023.01.10,-0.131262968683507
2023.01.11,-0.033979552549142
2023.01.12,-0.103402320324772
2023.01.13,-0.163177785840651
2023.01.16,-0.046225930097473
2023.01.17,-0.127394702290136
2023.01.18,-0.084291023539986
2023.01.19,-0.110916391895768
2023.01.20,-0.049449909224023
2023.01.30,-0.020467260018644
2023.01.31,-0.073089864587821
2023.02.01,-0.092892413661741
2023.02.02,0.028784832103289
2023.02.03,-0.030840549690214
2023.02.06,-0.052176576963622
2023.02.07,-0.101021310031496
2023.02.08,-0.005349307354218
2023.02.09,-0.080234551066587
2023.02.10,0.000540302846082
2023.02.13,-0.16411681390515
2023.02.14,0.105512971557199
2023.02.15,-0.096477030356781
2023.02.16,-0.144566844871321
2023.02.17,0.115469365094128
2023.02.20,-0.144356651016788
2023.02.21,-0.005022506238737
2023.02.22,-0.233527530236886
2023.02.23,0.030838259322137
2023.02.24,-0.044862221387348
2023.02.27,-0.065898998825917
2023.02.28,0.045086214569538
2023.03.01,0.133543015322414
2023.03.02,-0.155593641167977
2023.03.03,-0.107607385775009
2023.03.06,-0.075695811324985
2023.03.07,0.048543145963103
2023.03.08,-0.123398731501686
2023.03.09,-0.000838911904773
2023.03.10,0.260397741985331
2023.03.13,-0.056122885045959
2023.03.14,-0.150473215994252
2023.03.15,0.115331920075434
2023.03.16,0.139034087141854
2023.03.17,-0.09595747503111
2023.03.20,-0.1267527105733
2023.03.21,0.023651116260217
2023.03.22,0.155004341372011
2023.03.23,0.049055529362847
2023.03.24,0.016948763675687
2023.03.27,-0.120545269247623
2023.03.28,-0.034279360679875
2023.03.29,-0.275344427512231
2023.03.30,0.187622609962568
2023.03.31,0.10850070023927
2023.04.03,0.216646854140199
2023.04.04,-0.022352464276637
2023.04.06,-0.068063090172923
2023.04.07,-0.254379282282506
2023.04.10,0.15762421716769
2023.04.11,0.173041358860547
2023.04.12,-0.109191550702577
2023.04.13,-0.088472567698354
2023.04.14,-0.247118995964818
2023.04.17,0.027382861994205
2023.04.18,0.111071157550727
2023.04.19,0.260810553360499
2023.04.20,-0.104395818343143
2023.04.21,0.075861320568459
2023.04.24,0.065423089462885
2023.04.25,-0.199982898501934
2023.04.26,-0.086374305223328
2023.04.27,0.063810936657564
2023.04.28,0.108308018028757
2023.05.04,0.044976445952509
2023.05.05,-0.031136272635999
2023.05.08,0.019818576762558
2023.05.09,-0.14792795995858
2023.05.10,-0.018224478690498
2023.05.11,-0.052585773483135
2023.05.12,-0.160068673197843
2023.05.15,-0.078137939707078
2023.05.16,-0.00732048799353
2023.05.17,0.040225021860568
2023.05.18,-0.155272191199206
2023.05.19,-0.166576809588452
2023.05.22,-0.057768274894571
2023.05.23,0.005675837433177
2023.05.24,0.000573452706492
2023.05.25,0.019915060788148
2023.05.26,0.033721754596188
2023.05.29,0.106830573586666
2023.05.30,0.116204253556355
2023.05.31,-0.035943562577838
2023.06.01,-0.202073686476682
2023.06.02,0.153461092830859
2023.06.05,-0.154193255445622
2023.06.06,0.083084448315532
2023.06.07,-0.166790069830281
2023.06.08,0.127347345996655
2023.06.09,-0.074622810460339
2023.06.12,0.145762132797835
2023.06.13,0.027620108341575
2023.06.14,-0.236950257732486
2023.06.15,0.030716776792921
2023.06.16,0.200020544083583
2023.06.19,-0.008520356554089
2023.06.20,-0.226786859143904
2023.06.21,-0.27190543969359
2023.06.26,-0.065021703304519
2023.06.27,-0.213281222291883
2023.06.28,0.107421158658657
2023.06.29,-0.07403852851969
2023.06.30,-0.126769961643473
2023.07.03,0.041037134277907
2023.07.04,-0.167189882656998
2023.07.05,0.107184259064771
2023.07.06,-0.152551168388071
2023.07.07,-0.124877214559063
2023.07.10,0.04644550870248
2023.07.11,-0.02482821060971
2023.07.12,-0.176819203086732
2023.07.13,-0.072974437680607
2023.07.14,0.000646489735868
2023.07.17,-0.011033015107576
2023.07.18,-0.129764167275648
2023.07.19,-0.120245601663364
2023.07.20,-0.079633108211794
2023.07.21,-0.09066551812484
2023.07.24,-0.090233892850307
2023.07.25,-0.03173802438689
2023.07.26,-0.055536945059721
2023.07.27,-0.013292025449734
2023.07.28,0.029814244985256
2023.07.31,0.012897900956212
2023.08.01,-0.014706759079084
2023.08.02,-0.008950342457521
2023.08.03,-0.133131163304795
2023.08.04,0.017259457707434
2023.08.07,-0.067948146853282
2023.08.08,-0.133048452276946
2023.08.09,-0.10240091177291
2023.08.10,-0.02169051763029
2023.08.11,0.020755988025017
2023.08.14,0.037503647705511
2023.08.15,0.14035156170075
2023.08.16,-0.137875173280873
2023.08.17,-0.171896569390643
2023.08.18,0.055973162423944
2023.08.21,0.102958734949417
2023.08.22,0.064676551936767
2023.08.23,-0.113537779119871
2023.08.24,-0.034012097934524
2023.08.25,0.129280347816027
2023.08.28,-0.175099103671557
2023.08.29,-0.065202390074025
2023.08.30,-0.024679194964185
2023.08.31,-0.145704287631444
2023.09.01,-0.110718716298608
2023.09.04,-0.125142800821312
2023.09.05,-0.076519956619663
2023.09.06,0.06977716554103
2023.09.07,0.006028919413529
2023.09.08,-0.165446809357238
2023.09.11,-0.126778231870607
2023.09.12,-0.022455054735363
2023.09.13,0.051509902677325
2023.09.14,-0.03611574250907
2023.09.15,-0.117551212054503
2023.09.18,0.001441929046922
2023.09.19,-0.016776957191537
2023.09.20,0.023335103175574
2023.09.21,-0.157618038475991
2023.09.22,0.124689868331834
2023.09.25,-0.101124341460122
2023.09.26,-0.104854207969819
2023.09.27,0.019812489215735
2023.09.28,0.110032205662226
2023.10.09,-0.00433480013358
2023.10.10,-0.022471638892946
2023.10.11,-0.077615418981862
2023.10.12,0.247813256182224
2023.10.13,0.035061048076957
2023.10.16,-0.149119615032697
2023.10.17,0.015212226750173
2023.10.18,-0.14706236204979
2023.10.19,-0.073127280522269
2023.10.20,0.036976814833509
2023.10.23,0.01610706811498
2023.10.24,-0.022033168157807
2023.10.25,-0.028271635084799
2023.10.26,-0.124076308018574
2023.10.27,0.047008194039695
2023.10.30,-0.021372931651624
2023.10.31,-0.093693927600871
2023.11.01,-0.029855391335851
2023.11.02,-0.134247970223887
2023.11.03,0.011787094168558
2023.11.06,0.057134532955757
2023.11.07,0.011675198613664
2023.11.08,-0.207358914283977
2023.11.09,0.024032388018401
2023.11.10,0.037504228501245
2023.11.13,0.041275953659216
2023.11.14,-0.130298123476486
2023.11.15,-0.018750216362716
2023.11.16,0.032068918383606
2023.11.17,0.021544982150326
2023.11.20,-0.102566959831375
2023.11.21,0.014511406610813
2023.11.22,-0.086882952600125
2023.11.23,-0.074990015301026
2023.11.24,-0.035579853751022
2023.11.27,-0.118002118029418
2023.11.28,-0.030972827193745
2023.11.29,-0.026994852436464
2023.11.30,0.15583421389516
2023.12.01,0.077380936690931
2023.12.04,-0.119642969745489
2023.12.05,0.002508656031002
2023.12.06,0.078995385359799
2023.12.07,-0.029582129137913
2023.12.08,0.031248595743529
2023.12.11,-0.027079451615882
2023.12.12,-0.015630895084957
2023.12.13,-0.078857040693496
2023.12.14,-0.07118157657158
2023.12.15,0.115509834310958
2023.12.18,-0.106689466565302
2023.12.19,-0.038669911936977
2023.12.20,-0.074571094002108
2023.12.21,-0.123036642597412
2023.12.22,-0.040662961277049
2023.12.25,-0.008907417677251
2023.12.26,-0.000973578441774
2023.12.27,-0.219551660991545
2023.12.28,0.009366299859409
2023.12.29,0.057493518771823
2024.01.02,0.055125060520523
2024.01.03,0.064683862804006
2024.01.04,0.023585174387865
2024.01.05,0.165544076394658
2024.01.08,-0.006768023839978
2024.01.09,0.06000084767666
2024.01.10,-0.146712214956113
2024.01.11,0.169280618488059
2024.01.12,0.005048868009018
2024.01.15,0.084594339838127
2024.01.16,0.099923738233421
2024.01.17,0.01439221289435
2024.01.18,-0.064104730196426
2024.01.19,0.131682497638726
2024.01.22,0.03214715536912
2024.01.23,0.125472844209548
2024.01.24,-0.07858408569587
2024.01.25,0.221889426330072
2024.01.26,0.11146900518283
2024.01.29,0.097834365954936
2024.01.30,0.197106670362528
2024.01.31,-0.133844932097318
2024.02.01,0.243414280249864
2024.02.02,0.078243521171497
2024.02.05,-0.179686513475207
2024.02.06,-0.10181277756015
2024.02.07,-0.298004631145103
2024.02.08,0.026560736238394
2024.02.19,-0.012919304671482
2024.02.20,-0.135080872582886
2024.02.21,-0.033476486718659
2024.02.22,-0.063735670169109
2024.02.23,-0.154036815194074
2024.02.26,-0.048683377659099
2024.02.27,0.034954914285611
2024.02.28,-0.090355109626598
2024.02.29,-0.012793823579948
2024.03.01,0.118256607627552
2024.03.04,-0.000761713611808
2024.03.05,-0.025363661085114
2024.03.06,-0.024142394939316
2024.03.07,0.097669032803538
2024.03.08,-0.181807545036373
2024.03.11,-0.236859773786743
2024.03.12,0.064322518732242
2024.03.13,-0.07900768693914
2024.03.14,0.048831962363318
2024.03.15,-0.013116500437231
2024.03.18,-0.081345903504305
2024.03.19,-0.067256337599462
2024.03.20,0.10897580514717
2024.03.21,0.112877248882268
2024.03.22,0.005181386397892
2024.03.25,-0.007621341314201
2024.03.26,0.02604100007414
2024.03.27,0.042578584422678
2024.03.28,-0.051697585073958
2024.03.29,-0.20869131210279
2024.04.01,0.020190956556984
2024.04.02,0.058415307455766
2024.04.03,0.220476051298061
2024.04.08,-0.258080319391395
2024.04.09,0.116249079984009
2024.04.10,0.056909374902251
2024.04.11,-0.010058664121114
2024.04.12,0.050736571696005
2024.04.15,0.087939355711107
2024.04.16,-0.15967587597004
2024.04.17,0.003874858487541
2024.04.18,0.16586178979306
2024.04.19,-0.300361013589064
2024.04.22,-0.313884549428177
2024.04.23,-0.036088898126985
2024.04.24,-0.071168243765058
2024.04.25,-0.185781099874016
2024.04.26,-0.206286813549177
2024.04.29,-0.016073354895127
2024.04.30,-0.058480184966968
2024.05.06,-0.055214256975658
2024.05.07,0.051801365342621
2024.05.08,-0.09875120746797
2024.05.09,0.027750425551662
2024.05.10,0.11884489297375
2024.05.13,0.047079046608237
2024.05.14,-0.016718692935259
2024.05.15,-0.034573287044088
2024.05.16,-0.051698962884514
2024.05.17,-0.041051250604211
2024.05.20,0.046598750684109
2024.05.21,-0.159191614189382
2024.05.22,0.010045337631247
2024.05.23,-0.025706492618509
2024.05.24,-0.103087109632826
2024.05.27,-0.102717550966873
2024.05.28,-0.055929083652737
2024.05.29,-0.262023493053896
2024.05.30,-0.125957894301874
2024.05.31,0.052245874549483
2024.06.03,0.03056150675022
2024.06.04,-0.138162026363836
2024.06.05,0.136144712883
2024.06.06,-0.080159853755168
2024.06.07,-0.084157549314973
2024.06.11,0.010205867150551
2024.06.12,0.020945577264349
2024.06.13,-0.060588447784774
2024.06.14,0.072715000623837
2024.06.17,0.01530259834746
2024.06.18,0.015093376006305
2024.06.19,-0.017539624703506
2024.06.20,-0.109710328558402
2024.06.21,0.004738497412659
2024.06.24,-0.206353138582215
2024.06.25,0.016755183958291
2024.06.26,-0.058297435735873
2024.06.27,0.013089882260749
2024.06.28,-0.104391579591784
2024.07.01,0.042068740738341
2024.07.02,0.019526422558765
2024.07.03,-0.043277129088145
2024.07.04,-0.094697938543968
2024.07.05,0.019212516134459
2024.07.08,0.080965352198483
2024.07.09,-0.110987849601472
2024.07.10,-0.076823996145082
2024.07.11,-0.003328690819135
2024.07.12,0.033791848502502
2024.07.15,0.006971889873418
2024.07.16,-0.125215946259932
2024.07.17,-0.022744848663718
2024.07.18,-0.202337406869877
2024.07.19,0.061949250890245
2024.07.22,0.224080799610963
2024.07.23,0.063855454950022
2024.07.24,-0.074334095926138
2024.07.25,-0.072642059956207
2024.07.26,0.208295940092673
2024.07.29,0.061596199756123
2024.07.30,-0.210274205252117
2024.07.31,0.092493230956081
2024.08.01,-0.068966039536914
2024.08.02,-0.100850997327165
2024.08.05,-0.046595550802134
2024.08.06,-0.047717492515
2024.08.07,-0.060081176720399
2024.08.08,-0.025188704364548
2024.08.09,-0.114544836790294
2024.08.12,-0.051391204042711
2024.08.13,0.075462048601682
2024.08.14,0.042874902223713
2024.08.15,-0.013040688400968
2024.08.16,0.088070073742095
2024.08.19,0.104350048969928
2024.08.20,-0.055916470561811
2024.08.21,-0.053718964750734
2024.08.22,0.035717396008716
2024.08.23,-0.082527197069001
2024.08.26,-0.039077541437229
2024.08.27,0.027357750036168
2024.08.28,-0.114512523866695
2024.08.29,-0.065070739235499
2024.08.30,0.152240894185166
2024.09.02,0.009363409430996
2024.09.03,-0.113933676514423
2024.09.04,-0.062352380872399
2024.09.05,0.099874121403804
2024.09.06,0.064378239823066
2024.09.09,0.033734995167431
2024.09.10,-0.084003316349296
2024.09.11,0.039044091634038
2024.09.12,0.008650695137351
2024.09.13,-0.008294928242623
2024.09.18,-0.013491946948439
2024.09.19,0.096072111640593
2024.09.20,0.010925025916804
2024.09.23,-0.178573733320521
2024.09.24,0.004725772211231
2024.09.25,-0.200183130132423
2024.09.26,-0.051746695468005
2024.09.27,-0.03953518169935
2024.09.30,0.004914414681039
2024.10.08,0.10650080099446
2024.10.09,-0.209291915321427
2024.10.10,0.01493986968355
2024.10.11,0.173806581094239
2024.10.14,0.103027979001577
2024.10.15,0.052577582441885
2024.10.16,0.068021389655062
2024.10.17,-0.001174855979722
2024.10.18,0.10725909136966
2024.10.21,-0.108700779113777
2024.10.22,-0.157491109554601
2024.10.23,-0.09109757680326
2024.10.24,-0.077203951433929
2024.10.25,0.013636224202579
2024.10.28,0.021468296913758
2024.10.29,0.106163229904526
2024.10.30,0.187674096666662
2024.10.31,-0.291475366613057
2024.11.01,-0.005549506252199
2024.11.04,0.172336936892344
2024.11.05,0.087563306694299
2024.11.06,-0.181056975669706
2024.11.07,0.083135405036876
2024.11.08,0.101953888651549
2024.11.11,-0.264155707390691
2024.11.12,-0.147852595661098
2024.11.13,-0.227112742240635
2024.11.14,-0.274812101076612
2024.11.15,-0.217319532452291
2024.11.18,0.073909900468975
2024.11.19,0.093572862077316
2024.11.20,-0.058536643255281
2024.11.21,-0.020896545801314
2024.11.22,-0.097574426335175
2024.11.25,-0.165951370933478
2024.11.26,0.077301217440611
2024.11.27,-0.053832403870195
2024.11.28,-0.020796040718522
2024.11.29,0.09549100451008
2024.12.02,-0.110619954085957
2024.12.03,-0.196616891399825
2024.12.04,0.16052840994916
2024.12.05,-0.172722446302668
2024.12.06,-0.112159500582876
2024.12.09,-0.007431358482448
2024.12.10,0.093409651405957
2024.12.11,-0.11241641128639
2024.12.12,-0.00001317985549
2024.12.13,-0.115997649315663
2024.12.16,-0.34892691253138
2024.12.17,0.057504192260644
2024.12.18,-0.070962059785436
2024.12.19,0.13583134199916
2024.12.20,-0.337036740380025
2024.12.23,-0.083375677354061
2024.12.24,-0.124000533382436
2024.12.25,0.153537491697705
2024.12.26,-0.153088366894126
2024.12.27,-0.059569670776535
2024.12.30,-0.11505547069322
2024.12.31,0.041810308956159
2025.01.02,-0.247573699481782
2025.01.03,-0.143375745454701
2025.01.06,0.200568694599787
2025.01.07,0.110240977311534
2025.01.08,0.024496261556133
2025.01.09,-0.140908031169913
2025.01.10,-0.243294955460964
2025.01.13,0.158327023286538
2025.01.14,0.013304323116676
2025.01.15,-0.029056532699693
2025.01.16,-0.159175039201436
2025.01.17,-0.035196865483425
2025.01.20,0.062959895779716
2025.01.21,-0.052214471141599
2025.01.22,-0.174853354389136
2025.01.23,0.100807328253603
2025.01.24,-0.208797495745598
2025.01.27,-0.055911919998214
2025.02.05,0.126432711958948
2025.02.06,-0.012490145206916
2025.02.07,0.041233688008432
2025.02.10,-0.031925207822721
2025.02.11,0.153207902149571
2025.02.12,-0.150619207010317
2025.02.13,-0.063510778421517
2025.02.14,0.068085857990849
2025.02.17,-0.253075790724626
2025.02.18,0.224260563911891
2025.02.19,-0.031329547605678
2025.02.20,0.205173829852348
2025.02.21,-0.107741145726799
2025.02.24,-0.094320841443559
2025.02.25,-0.102966131384664
2025.02.26,-0.2310751547354
2025.02.27,-0.326886204753875
2025.02.28,-0.065993244718694
2025.03.03,0.097423942523681
2025.03.04,0.1594000810121
2025.03.05,0.17717136578009
2025.03.06,-0.146414781920069
2025.03.07,-0.11861605147548
2025.03.10,-0.060092908270786
2025.03.11,-0.052183643456032
2025.03.12,-0.254569648656996
2025.03.13,-0.114368254285526
2025.03.14,-0.086198925937318
2025.03.17,-0.052614076746693
2025.03.18,-0.110963380715772
2025.03.19,-0.136516910360711
2025.03.20,-0.201115954246217
2025.03.21,-0.162283642417391
2025.03.24,-0.212290163893017
2025.03.25,-0.00259842506247
2025.03.26,-0.202219691092435
2025.03.27,-0.036882912533419
2025.03.28,0.047106976092856
2025.03.31,-0.199696211808605
2025.04.01,-0.032882572779067
2025.04.02,-0.062748902563374
2025.04.03,0.139536003131046
2025.04.07,-0.13725550219834
2025.04.08,0.099623904879492
2025.04.09,-0.069259138586868
2025.04.10,-0.172333903884141
2025.04.11,0.056334530818548
2025.04.14,-0.124194098866796
2025.04.15,0.035534968841647
2025.04.16,-0.0974931624024
2025.04.17,-0.162446357399814
2025.04.18,-0.038661288056486
2025.04.21,-0.040667376300606
2025.04.22,-0.215967839937306
2025.04.23,-0.0391971609904
2025.04.24,-0.090287747703033
2025.04.25,-0.036111440742276
2025.04.28,-0.025479499450418
2025.04.29,-0.058376903250341
2025.04.30,-0.001406658145692
2025.05.06,-0.068676395331171
2025.05.07,-0.085084307311083
2025.05.08,-0.01366672711641
2025.05.09,0.002845222543268
2025.05.12,-0.053960840099524
2025.05.13,-0.01363109610084
2025.05.14,-0.013926758599143
2025.05.15,0.005102513170642
2025.05.16,-0.001140836199977
2025.05.19,-0.084014911334579
2025.05.20,-0.064964049448287
2025.05.21,0.024858960291851
2025.05.22,-0.079598842859878
2025.05.23,0.050831368231516
2025.05.26,-0.063728987975463
2025.05.27,-0.042697007675958
2025.05.28,-0.057694205771876
2025.05.29,-0.095553923030632
2025.05.30,-0.010364612933301
2025.06.03,-0.048716309093092
2025.06.04,-0.044244638836296
2025.06.05,-0.106806953722769
2025.06.06,-0.018360536299683
2025.06.09,0.029895052911495
2025.06.10,-0.084834606121712
2025.06.11,0.048555878641769
2025.06.12,-0.017444706262362
2025.06.13,0.038846225192075
2025.06.16,-0.124757771249884
2025.06.17,0.034601716294257
2025.06.18,-0.12574796056832
2025.06.19,-0.130588318047993
2025.06.20,0.036869248744298
2025.06.23,-0.035696178895958
2025.06.24,-0.045166147957188
2025.06.25,0.040571449563889
2025.06.26,-0.029045170295095
2025.06.27,0.043062376107887
2025.06.30,-0.067378718119537
2025.07.01,-0.155815528951894
2025.07.02,-0.023669852233243
2025.07.03,0.004736565248363
2025.07.04,-0.034934263149373
2025.07.07,0.028675972523804
2025.07.08,-0.113323291445705
2025.07.09,-0.088790555343137
2025.07.10,-0.026335821584679
2025.07.11,-0.047155237574998
2025.07.14,0.087167378080167
2025.07.15,-0.07691718537613
2025.07.16,0.045924976906883
2025.07.17,-0.065381180584647
2025.07.18,-0.097890231085558
2025.07.21,-0.074911359464199
2025.07.22,-0.036766899056617
